{"initial_reset_timestamp": 1555129405.599038, "timestamps": [1555129411.919956], "episode_lengths": [200], "episode_rewards": [200.0], "episode_types": ["t"]}