{"initial_reset_timestamp": 1555129590.948608, "timestamps": [1555129597.061952], "episode_lengths": [200], "episode_rewards": [200.0], "episode_types": ["t"]}